1 pix=1.625 um,Pixel ,0,3,6,9,12,15,18,21,24,27,30,33,36,39,42,45,48,51,54,57,60,63,66,69,72
5x objective,1.33,21.5,20,20.25,20,18,16.5,15.5,14.75,14.5,14,13,13,12,11.5,10,9.5,9.5,10,9,8.5,8,8,7.25,7.5,8
,2.67,21.2,20.2,20.6,20.6,19,17.4,14.8,14.6,14.4,14,13.2,12.6,12.2,12,10.6,9.4,9.4,10,9,8.2,8,8,7.2,7,8
,4,21.3,20.5,20.6,21.4,19.3,17.9,15.9,14.4,14.4,13.8,13.3,12.6,12,12,11,10.1,9.6,9.8,9,8.2,8,7.6,7.2,7,7.2
,5.33,21.82,21.09,20.45,21,19.18,17.82,16.27,15,14.73,13.73,13.27,12.36,12,11.91,11,10.45,10,10.09,9,8.36,8.18,7.73,7.45,7,6.91
,6.67,22.31,21.54,20.23,20.62,18.77,17.62,16.15,15.38,14.54,13.38,13.23,12.23,12,11.69,11.15,10.69,10.15,10.46,9,8.46,8.38,8,7.62,7,7.69
,8,23.44,21.44,20.06,20.67,18.94,18.11,16,15.39,15,13.67,13.17,12.17,12,11.72,11.22,10.78,10.22,10.39,9.5,8.78,8.44,8,7.89,7.33,8
,9.33,23.88,21.53,20.06,20.59,19.18,18.35,16.12,15.18,15.24,13.88,13.47,12.06,12.29,11.94,11.06,10.82,10.59,10.47,9.53,8.71,8.47,8,7.71,7.59,8
,10.67,25.05,22.16,20,20.05,19,18.21,16.05,15.16,15.05,14.16,13.63,12.32,12.16,11.74,11.21,10.74,10.84,10.58,9.63,8.68,8.53,8.05,7.63,7.63,7.89
,12,26.58,23.38,20.23,20.19,18.88,17.81,16.15,15.31,14.92,14.04,13.62,12.5,12,11.62,11.27,10.65,10.46,10.58,9.69,8.58,8.38,8.04,7.65,7.38,8
,13.33,26.96,23.52,21.19,20.19,18.52,17.67,16.15,15.52,15.15,14.19,13.44,12.52,12.19,11.7,11.22,10.63,10.59,10.33,9.74,8.74,8.44,8.04,7.78,7.04,7.78
,14.67,27.3,23.7,22.04,19.52,18.44,17.56,15.93,15.44,15.19,13.96,13.22,12.67,12.44,11.78,11.07,10.44,10.85,10.44,9.59,8.81,8.48,8.11,8,7.48,7.81
,16,25.71,23.68,22.41,19.44,18.59,17.79,15.68,15.03,15.21,14.21,13.47,12.59,12.71,11.97,11,10.56,10.44,10.44,9.68,8.94,8.65,8.06,7.91,7.47,7.79
,17.33,25.61,22.39,22.48,19.58,18.68,18.16,15.9,14.94,14.71,14.13,13.35,12.42,12.39,11.74,11.13,10.61,10.52,10.35,9.84,8.97,8.61,8.1,7.61,7.45,7.55
,18.67,25.39,21.88,22.36,19.91,18.91,18.18,16.18,15.21,14.73,13.91,13.39,12.33,12.39,11.76,11.15,10.7,10.79,10.45,9.94,8.91,8.67,8.09,7.55,7.67,7.39
,20,25.05,22.69,22.33,21.14,19.19,18.17,16.45,15.31,14.43,13.74,13.45,12.52,12.33,11.86,11.12,10.6,10.81,10.67,9.95,8.9,8.71,8.07,7.79,7.62,7.48
,21.33,25.29,23.24,21.95,21.32,19.22,18.2,16.49,15.32,14.59,13.71,13.49,12.66,12.29,11.85,11,10.39,10.29,10.49,9.98,8.88,8.68,8.02,7.56,7.51,7.51
,22.67,25.76,23.51,21.61,21.39,19.29,18.37,16.73,15.39,14.71,14,13.54,12.68,12.39,11.83,11.05,10.46,10.29,10.37,10.05,8.78,8.49,7.9,7.54,7.44,7.8
,24,26.1,23.58,21.87,22.02,19.6,18.31,16.9,15.69,14.83,14.06,13.73,12.81,12.56,11.94,11.04,10.48,10.35,10.52,10.13,9.04,8.67,8,7.56,7.31,7.69
,25.33,26.91,23.53,21.96,21.98,19.71,18.58,16.84,15.4,14.73,13.8,13.67,12.71,12.58,11.87,11.07,10.64,10.16,10.58,9.93,8.87,8.53,7.96,7.33,7.36,7.56
,26.67,27.36,23.79,22.32,21.98,20,19,16.94,15.64,14.89,13.96,13.6,12.66,12.68,11.96,11.17,10.68,10.38,10.51,10.02,8.72,8.38,7.98,7.4,7.09,7.53
,28,27.02,23.91,22.67,22.19,20.33,19.34,17.03,15.81,14.78,13.95,13.71,12.83,12.64,11.97,11.29,10.74,10.59,10.62,9.97,8.74,8.52,7.91,7.29,7.14,7.41
,29.33,26.95,23.85,22.64,21.93,20.05,19.15,16.85,16.18,14.96,13.87,13.73,12.73,12.55,11.75,11.33,10.76,10.69,10.75,9.85,8.8,8.36,7.91,7.2,7,7.35
,30.67,26.84,23.82,23.07,22,20.09,19.51,16.78,16.05,15.07,14.07,13.69,12.73,12.51,11.89,11.24,10.75,10.69,10.55,9.8,8.78,8.2,7.8,7.2,7,7.13
,32,26.44,23.61,23.02,21.91,20.29,19.62,17.23,16.02,15.29,14.17,13.71,12.8,12.61,11.97,11.33,10.83,10.74,10.42,9.73,8.58,8.18,7.59,7.12,6.98,7.12
,33.33,26.37,23.32,22.29,21.24,20.15,19.24,17.25,16.02,15.37,14.36,13.95,12.75,12.51,11.85,11.42,10.73,10.41,10.29,9.47,8.44,7.98,7.53,7.1,6.83,6.58
,34.67,26.73,23.44,22.06,21,19.83,19,17.31,16.23,15.36,14.31,13.98,12.81,12.55,11.77,11.31,10.77,10.67,10.19,9.34,8.42,7.95,7.39,7.02,6.78,6.22
,36,26.86,23.49,22.01,21.04,19.58,18.68,17.52,16.24,15.49,14.24,14,12.8,12.54,11.92,11.2,10.79,10.56,10.23,9.49,8.34,7.92,7.48,6.99,6.69,6.28
,37.33,26.81,23.84,22.4,21.55,19.27,18.52,16.97,16.13,15.39,14.35,14.12,12.97,12.52,11.97,11.13,10.61,10.24,10.15,9.47,8.21,7.92,7.64,6.95,6.6,6.53
,38.67,27.19,24.16,22.57,21.82,19.43,18.6,17,16.15,15.43,14.48,14.07,12.96,12.55,11.96,11.16,10.55,10.1,10.03,9.34,8.13,7.99,7.57,6.99,6.67,6.54
,40,27.96,24.38,22.73,22.12,19.6,18.59,16.79,16.2,15.77,14.63,14,13.01,12.52,11.85,11.1,10.45,10.12,10.04,9.34,8.17,7.94,7.46,6.96,6.72,6.41
,41.33,29.04,24.57,23.01,22.53,20.17,18.52,16.64,16.07,15.55,14.77,14.15,13.13,12.64,11.99,11.12,10.36,10.11,9.96,9.31,8.19,7.87,7.32,7,6.65,6.16
,42.67,29.65,25.01,23.3,22.65,20.38,18.77,16.87,16.06,15.49,14.71,14.26,13.09,12.91,12.08,11.26,10.45,9.92,9.9,9.25,8.17,7.81,7.42,6.97,6.7,6.18
,44,29.58,25.4,24.1,23.01,20.72,19.11,17.02,16.1,15.5,14.61,14.29,13.03,12.96,12.11,11.37,10.44,9.91,9.81,9.18,8.07,7.74,7.29,6.88,6.54,6.13
,45.33,29.68,26.01,24.42,23.33,20.68,19.51,17.26,15.95,15.46,14.44,14.29,13.24,12.93,12.14,11.46,10.53,10.07,9.89,9.14,8,7.78,7.26,6.79,6.4,6.19
,46.67,29.98,26.25,24.9,23.95,20.96,19.59,17.54,16.05,15.68,14.48,14.19,13.38,12.86,12.11,11.49,10.62,10.19,10,9.25,8.16,7.75,7.31,6.91,6.62,6.37
,48,30.35,26.23,25.15,24.63,21.31,19.84,17.7,16.22,16,14.76,14.13,13.46,12.85,12.22,11.52,10.67,10.31,10.15,9.33,8.22,7.78,7.4,6.95,6.59,6.39
,49.33,30.83,26.81,25.47,24.48,21.4,19.58,17.66,16.22,15.87,14.69,14.28,13.52,12.98,12.23,11.39,10.55,10.22,10.1,9.2,8.24,7.77,7.38,7,6.6,6.41
,50.67,30.97,27.57,25.75,24.97,21.66,19.8,17.7,16.45,15.74,14.67,14.41,13.42,12.98,12.18,11.35,10.48,10.23,9.97,9.16,8.19,7.68,7.42,6.98,6.54,6.33
,52,31.39,28.04,25.9,25.6,22.25,20.1,18.09,16.69,16.03,14.84,14.44,13.42,12.98,12.17,11.53,10.51,10.26,9.92,9.16,8.27,7.6,7.38,6.92,6.6,6.33
,53.33,31.04,28.33,26.22,25.63,22.25,20.44,18.02,16.68,15.9,14.78,14.37,13.47,13.07,12.35,11.56,10.59,10.33,9.89,9.13,8.19,7.72,7.36,6.95,6.52,6.28
,54.67,30.76,28.21,26.52,25.34,22.24,20.67,18.06,16.65,16.01,14.84,14.39,13.35,12.92,12.52,11.45,10.66,10.4,9.89,9.15,8.13,7.63,7.34,7.01,6.59,6.28
,56,30.65,27.91,27.14,25.09,22.39,20.77,18.2,16.76,16.18,15.01,14.45,13.49,13.03,12.47,11.42,10.56,10.45,10,9.13,8.12,7.72,7.37,6.97,6.59,6.34
,57.33,30.24,27.5,27.41,25.09,22.17,20.76,18.18,16.78,15.93,15.03,14.41,13.42,13.18,12.46,11.25,10.5,10.38,9.97,9.11,8.08,7.58,7.32,6.98,6.55,6.3
,58.67,30.49,27.44,27.43,25.32,22.35,20.62,18.12,16.78,15.84,14.9,14.4,13.43,13.2,12.47,11.38,10.61,10.26,9.92,9.13,8.05,7.49,7.21,6.94,6.53,6.23
,60,31.1,27.78,28.07,25.76,22.71,20.61,18.3,16.94,15.94,14.92,14.25,13.45,13.27,12.48,11.45,10.66,10.23,10.07,9.17,8.05,7.68,7.32,6.85,6.65,6.33
,61.33,31.26,28.05,28.38,26.02,23.16,20.78,18.18,16.81,15.92,14.79,14.12,13.27,13.04,12.36,11.37,10.75,10.14,10.01,9.09,7.98,7.63,7.25,6.94,6.63,6.29
,62.67,31.17,27.98,28.32,25.98,23.42,21.09,18.29,16.83,15.89,14.68,14.07,13.2,12.95,12.25,11.39,10.66,10.09,10.01,9.14,8.06,7.67,7.31,6.96,6.63,6.35
,64,31.26,28.01,28.14,26.18,23.56,21.53,18.43,17.05,16.05,14.84,14.09,13.23,12.95,12.27,11.48,10.59,9.98,9.95,9.1,8.02,7.6,7.18,6.99,6.65,6.38
,65.33,31.28,27.67,27.42,26.43,23.36,21.57,18.45,17.25,16.08,14.68,13.99,13.11,12.82,12.18,11.36,10.46,9.92,9.8,8.96,7.97,7.6,7.1,6.94,6.66,6.52
,66.67,31.79,27.86,27.51,26.65,23.29,21.71,18.58,17.37,16.13,14.58,13.86,13.03,12.75,12.13,11.34,10.43,9.88,9.74,8.94,7.91,7.55,7.14,6.89,6.66,6.27
,68,32.91,28.03,27.9,26.89,23.54,21.9,19.01,17.48,16.32,14.7,13.95,13,12.68,11.94,11.35,10.43,9.67,9.71,9,7.91,7.59,7.09,6.91,6.62,6.31
,69.33,33.21,28.15,28.11,26.86,23.66,21.41,19.05,17.53,16.22,14.74,14.04,12.94,12.66,11.89,11.21,10.31,9.63,9.59,8.97,7.9,7.51,7.08,6.94,6.56,6.31
,70.67,33.73,28.46,28.4,26.82,24.1,21.42,19.19,17.6,16.25,14.85,14.13,12.88,12.64,11.93,11.2,10.29,9.67,9.46,8.9,7.92,7.49,7.06,6.95,6.71,6.45
,72,33.74,28.89,28.6,26.91,24.18,21.51,19.43,17.82,16.42,14.86,14.26,12.94,12.65,11.98,11.21,10.32,9.6,9.45,8.81,7.96,7.55,7.11,6.96,6.75,6.34
,73.33,33.46,30.1,28.66,26.77,24.19,21.35,19.44,17.72,16.5,14.81,14.26,13.04,12.51,11.91,11.23,10.31,9.65,9.42,8.84,7.82,7.58,7.16,6.97,6.76,6.58
,74.67,33.38,30.8,28.99,26.83,24.27,21.54,19.42,17.87,16.41,14.91,14.29,13.06,12.53,11.84,11.15,10.36,9.79,9.56,8.84,7.93,7.67,7.13,6.93,6.78,6.62
,76,33.97,30.78,29.09,26.91,24.56,21.78,19.32,18.21,16.41,14.94,14.37,13.07,12.51,11.85,11.21,10.3,9.76,9.62,8.9,7.96,7.54,7.18,6.99,6.8,6.8
,77.33,34.64,31.21,29.34,26.86,24.46,22.18,19.18,18.03,16.58,14.86,14.33,13.09,12.61,11.81,11.11,10.26,9.78,9.61,8.87,7.89,7.54,7.27,7.01,6.83,6.66
,78.67,35.66,31.1,28.99,27.06,24.28,22.46,19.24,18.2,16.73,14.89,14.47,13.17,12.65,11.89,11.06,10.32,9.75,9.44,8.81,7.94,7.65,7.2,7,6.82,6.82
,80,36.18,31.85,29.03,27.68,24.34,22.75,19.51,18.27,16.93,15.05,14.48,13.29,12.7,11.85,10.99,10.26,9.66,9.53,8.9,7.97,7.77,7.31,7.01,6.84,6.89
,81.33,36.19,31.99,29.46,28.04,24.83,22.95,19.79,18.32,17.13,15.21,14.51,13.22,12.71,11.93,10.99,10.21,9.59,9.55,8.93,8.05,7.86,7.37,7.08,6.89,7.01
,82.67,35.96,32.1,30.02,28.62,25.35,22.8,20.14,18.3,17.27,15.44,14.67,13.22,12.71,11.91,11.09,10.3,9.65,9.63,9,8.07,7.89,7.52,7.15,6.94,7.13
,84,36.04,32.14,31.01,29.12,25.94,23.04,20.53,18.54,17.42,15.66,14.93,13.31,12.73,11.85,11.1,10.24,9.67,9.63,9.04,8.08,7.96,7.62,7.25,6.96,7.14
,85.33,36.14,32.1,31.9,28.9,26.54,23.39,20.73,18.7,17.62,15.77,15.08,13.46,12.76,11.9,11.06,10.23,9.79,9.79,9.17,8.25,8.14,7.78,7.35,7.07,7.5
,86.67,36.61,31.91,32.61,28.87,26.94,23.99,21.14,19.01,17.75,16.05,15.26,13.74,13.03,11.99,11.12,10.18,9.88,9.91,9.38,8.4,8.29,7.92,7.47,7.24,7.87
,88,37.03,31.43,32.39,29.21,28.1,24.69,21.5,19.43,17.96,16.42,15.49,13.93,13.18,12.2,11.24,10.34,9.85,10.01,9.51,8.54,8.3,7.98,7.55,7.34,7.91
,89.33,37.52,31.69,32.01,29.63,28.7,25.35,21.95,19.81,18.43,16.82,15.79,14.14,13.32,12.32,11.41,10.57,10.29,10.26,9.75,8.8,8.61,8.14,7.74,7.67,7.98
,90.67,37.45,31.75,31.53,30.28,29.51,25.73,22.08,20.12,18.84,17.15,16.27,14.5,13.54,12.58,11.6,10.71,10.71,10.62,10.02,9.12,8.88,8.51,8.11,8.34,8.19
,92,37.4,31.8,31.44,30.75,30.08,26.31,22.28,20.51,19.4,17.38,16.61,14.75,13.82,12.83,11.75,10.98,11.08,10.87,10.37,9.38,9.15,8.77,8.42,8.52,8.36
,93.33,38.65,32.76,32,31.32,30.15,26.76,22.7,20.99,19.79,18.02,17.18,15.21,14.25,13.15,12.35,11.42,11.73,11.18,10.74,9.77,9.5,9.31,9.01,8.9,8.65
,94.67,40.12,33.77,32.9,31.74,30.62,27.29,23.2,21.44,20.01,18.73,17.6,15.66,14.7,13.69,12.86,11.68,12.24,11.54,11.07,10.07,9.8,9.69,9.39,9.12,8.86
,96,41.8,34.54,33.42,32.08,30.71,27.65,23.75,21.87,20.27,19.22,18.01,16.13,15.09,14.1,13.36,12.24,12.63,11.82,11.36,10.44,10.12,10.3,9.91,9.36,9.11
,97.33,43.01,35.4,34.41,32.89,31.22,27.91,24.14,22.46,20.62,19.53,18.34,16.68,15.75,14.88,14.13,13.06,13.18,12.13,11.58,10.73,10.48,10.63,10.22,9.78,9.41
,98.67,43.58,36.54,34.99,34.09,31.39,28.4,24.67,23.26,21.11,19.86,18.54,17.28,16.22,15.4,14.66,13.68,13.52,12.5,12.01,11.14,10.75,10.96,10.56,10.03,9.7
,100,44.48,36.76,35.34,35.17,31.19,29.18,25.18,24.01,21.87,20.07,18.84,17.6,16.69,15.86,15.08,14.33,14.04,12.79,12.38,11.59,11.16,11.26,10.83,10.3,9.98
,101.33,44.5,36.98,35.79,36.5,32.22,30.38,26.17,24.9,22.61,20.29,19.25,17.96,17.42,16.47,15.45,14.93,14.69,13.3,12.86,12.04,11.67,11.56,11.18,10.7,10.34
,102.67,44.61,36.82,35.94,37.3,32.91,31.25,27.28,25.72,23.31,20.6,19.66,18.16,17.89,16.88,15.75,15.48,15.19,13.83,13.33,12.71,12.11,11.99,11.61,11.04,10.71
,104,44.42,37.56,35.94,37.49,33.41,31.35,28.14,26.16,24.27,21.26,20.21,18.33,18.19,17.15,16.04,15.98,15.77,14.32,13.72,13.3,12.54,12.34,11.97,11.38,11.21
,105.33,44.07,38.66,36.99,36.87,34.63,32.17,29.46,26.87,25.74,22.32,21,18.87,18.39,17.36,16.43,16.37,16.14,14.79,14.11,13.63,12.95,12.75,12.46,11.82,11.86
,106.67,44.54,39.21,37.21,36.5,34.99,32.77,30.27,27.34,26.77,23.42,22.03,19.51,18.74,17.54,16.73,16.65,16.36,15.09,14.36,13.9,13.36,13.04,12.67,12.17,12.32
,108,45.09,39.41,37.22,36.97,35.15,33.11,30.59,27.9,27.63,24.62,22.96,20.43,18.97,17.69,16.77,16.8,16.44,15.41,14.51,14.2,13.63,13.28,13,12.6,12.63
,109.33,45.12,39.93,37.72,37.74,36.16,33.92,31.77,28.97,28.55,26.29,24.14,21.51,19.39,18.16,17.12,16.97,16.52,15.63,14.59,14.24,13.69,13.55,13.2,12.9,13.13
,110.67,44.56,40.47,39.15,38.35,36.99,34.76,33.01,30.27,29.27,27.39,25.18,22.4,19.88,18.41,17.31,17.25,16.68,15.53,14.55,14.16,13.68,13.66,13.31,13.14,13.32
,112,45.27,41.01,39.77,38.55,38.12,34.91,33.19,31.91,30.06,28.53,26.12,23.48,20.74,18.97,17.63,17.27,16.79,15.55,14.43,14.08,13.85,13.84,13.56,13.53,13.45
,113.33,45.76,40.82,40.51,39.02,39.07,35.46,33.86,32.81,31.22,28.9,26.79,24.55,21.81,19.26,17.93,17.36,16.86,15.51,14.47,14.34,14.03,14.03,13.65,13.72,13.73
,114.67,45.95,40.65,40.36,39.88,40.22,36.39,34.71,34.07,32.07,29.36,27.56,25.6,22.85,19.75,18.05,17.71,16.94,15.46,14.57,14.38,14.15,14.14,13.68,13.93,13.72
,116,45.08,40.43,39.18,40.9,41.42,37.2,34.95,35.14,32.73,30.32,28.52,26.51,24.11,20.51,18.56,18.17,17.11,15.59,14.73,14.55,14.26,14.19,13.7,13.78,13.51
,117.33,45.12,39.88,39.47,41.94,41.96,38.87,35.73,35.77,33.53,31.17,29.48,27.09,25.49,21.24,19.39,18.55,17.38,15.83,15.11,15,14.3,14.21,13.77,13.61,13.43
,118.67,45.18,38.84,39.32,42.12,43.32,39.9,35.65,36.21,34.64,32.29,30.46,27.72,26.05,21.76,20.26,18.96,17.58,15.95,15.43,15.26,14.33,14.09,13.7,13.52,13.49
,120,45.68,37.91,39.18,42.06,43.86,41.31,36.27,36.3,35.37,33.47,31.25,28.68,26.68,22.33,21.16,19.68,17.85,16.18,15.57,15.59,14.54,14.06,13.89,13.61,13.45
,121.33,45.17,36.98,38.95,41.69,44.15,41.74,38.37,36.26,36.08,34.95,32.36,29.3,27.01,22.93,22.14,19.97,18.1,16.59,15.97,16.02,14.74,14.22,14.03,13.78,13.66
,122.67,44.86,36.77,39.22,41.61,44.64,43.16,40.51,36.59,36.96,36.11,33.45,30.57,27.58,24.05,22.76,20.22,18.17,16.75,16.42,16.33,15.03,14.51,14.5,14.14,13.98
,124,44.46,37.43,38.82,41.27,44.34,44.37,42.15,37.6,36.92,37.17,34.14,31.72,28.42,25.33,23.33,20.53,18.29,16.92,16.78,16.52,15.33,14.94,14.87,14.38,14.24
,125.33,42.91,37.38,38.62,41.1,45.47,45.94,43.25,39.47,37.73,38.42,35.15,32.45,29.93,26.69,24.37,21.03,18.8,17.32,17.54,16.87,15.66,15.6,15.63,14.95,14.81
,126.67,41.08,36.79,37.6,39.81,45.23,46.78,42.86,41.63,38.95,39.21,36.01,33.35,31.28,27.96,25.25,21.71,19.44,17.94,18.3,17.53,16.24,16.27,16.44,15.51,15.32
,128,38.69,35.45,35.93,38.27,44.09,46.68,42.23,42.84,40.23,38.94,36.23,33.79,31.95,28.72,26.24,22.39,20.12,18.53,19.18,18.34,16.81,17.02,17.33,16,15.62
,129.33,36.16,33.59,34.49,36.81,43.29,47.01,42.1,43.66,42.24,39.33,36.95,34.97,33.06,29.41,27.34,23.33,21.08,19.43,19.99,19.07,17.51,18.05,18.34,16.8,16.25
,130.67,33.66,32.13,32.45,35.46,41.6,46.66,42.39,43.22,42.92,39.53,37.21,35.61,34.03,30.14,28.23,24.04,22.19,20.47,20.89,19.86,18.43,19.07,19.01,17.29,16.7
,132,30.18,29.71,30.17,33.85,39.42,44.87,43.05,42.58,43.45,39.91,36.66,35.31,34.76,30.71,29.06,24.76,23.34,21.76,21.91,20.81,19.55,19.76,19.59,17.63,17.1
,133.33,26.78,27.18,28.2,32.42,37.65,42.62,43.55,43.47,43.73,40.78,37.24,35.37,35.35,31.57,30.17,25.96,24.62,23.15,22.89,21.84,20.77,20.49,20.28,18.2,17.6
,134.67,23.38,24.47,26.4,30.83,35.83,40.76,43.99,44.27,43.69,41.49,38.15,35.38,34.59,31.97,30.55,26.67,25.77,24.29,23.66,22.66,21.46,20.93,20.44,18.36,17.89
,136,19.09,21.28,24.25,28.12,33.58,38.67,43.64,43.44,43.05,41.45,38.81,35.6,33.56,31.71,30.69,27.38,26.98,25.51,23.83,22.77,21.57,20.75,20.07,18.2,17.68
,137.33,15.63,18.84,21.14,25.57,31.32,36.75,43.37,43.37,42.82,42.31,39.94,35.94,33.69,32.33,31.13,28.21,28.14,26.33,24.36,23.15,21.6,20.79,20.04,18.3,17.76
,138.67,12.78,16.58,17.67,22.56,28.72,34.72,42.87,42.31,42.22,42.74,40.86,36,33.75,32.37,31.05,28.62,28.51,26.97,24.77,23.18,21.35,20.65,20.02,18.44,17.79
,140,9.74,13.24,14.42,18.53,25.39,32.02,41.22,40.01,40.41,42.25,40.18,35.6,33.45,32,31.31,28.96,28.66,27.06,24.56,22.58,20.96,20.41,19.98,18.4,17.51
,141.33,8.06,10.9,10.82,15.62,22.49,29.65,39.29,39.81,40.22,42.54,39.93,35.71,33.76,31.87,31.16,29.46,29.2,27.49,24.79,22.65,21.03,20.35,20.19,18.7,17.59
,142.67,6.32,8.6,8.12,12.73,19.67,27.31,36.16,38.94,39.72,42.07,38.91,35.71,33.78,31.43,30.79,29.24,29,27.08,24.4,22.44,20.9,20.22,20.28,18.64,17.46
,144,4.75,6.58,5.97,10.08,16.62,24.94,32.5,36.78,38.73,40.59,37.64,35.38,33.22,30.69,30.51,28.65,28.58,26.19,23.75,22.05,20.81,19.88,19.9,18.26,16.85
,145.33,3.66,5.32,4.7,8.31,14.32,22.33,29.21,35.48,38.62,39.91,36.84,35.33,33.01,30.49,30.21,28.2,27.71,25.44,23.36,21.73,20.63,19.76,19.46,18.1,16.65
,146.67,2.98,4.37,3.81,6.71,11.83,19.69,25.99,33.42,37.58,39.2,36.06,35.05,32.94,30.6,30.26,28.08,26.97,25.03,23.18,21.46,20.39,19.48,18.84,17.79,16.5
,148,2.57,3.64,3.25,5.38,9.41,16.51,22.64,30.85,35.39,37.99,35.7,34.18,32.35,30.53,30.27,27.98,26.57,24.46,22.99,21.19,19.92,19.02,18.28,17.4,16.28
,149.33,2.4,3.16,2.93,4.38,7.77,13.97,19.96,28.29,33.22,36.54,34.26,32.99,31.74,30.56,30.51,28.07,26.4,24.06,22.89,20.63,19.14,18.35,17.94,17.12,15.98
,150.67,2.37,2.84,2.71,3.65,6.51,11.74,17.49,25.45,30.75,34.61,33.32,32.18,31.21,30.73,30.94,28.55,26.63,23.89,23.05,20.13,18.68,17.96,17.64,16.94,15.87
,152,2.31,2.64,2.51,3.03,5.32,9.48,14.94,22.56,27.87,31.85,32.19,30.71,29.75,30,29.98,28.01,26.4,22.98,22.44,19.06,18,17.66,17.31,16.55,15.52
,153.33,2.21,2.59,2.46,2.73,4.91,8.01,12.94,20.11,25.62,29.19,30.31,29.75,29.05,29.79,29.36,27.82,26.25,22.68,22.07,18.63,17.66,17.65,17.01,16.29,15.39
,154.67,2.12,2.52,2.41,2.6,4.22,6.68,10.99,17.83,23.86,26.94,28.8,28.4,28.1,28.89,28.33,27,25.37,22.05,21.5,18.06,17.21,17.64,16.77,16.12,15.22
,156,2.06,2.43,2.29,2.4,3.73,5.58,9.16,15.85,21.79,24.56,27.15,26.94,26.99,27.37,26.55,25.48,24,21.27,20.55,17.93,17.29,17.59,16.64,15.72,14.85
,157.33,2.05,2.34,2.27,2.21,3.37,4.87,7.75,13.95,19.69,23.05,25.98,25.94,26.72,26.85,25.75,24.48,23.25,20.94,20.31,17.93,17.22,17.31,16.68,15.55,14.8
,158.67,2.04,2.29,2.2,2.13,3,4.38,6.77,12.31,17.46,21.36,24.89,25.2,26.02,26.22,24.86,23.75,22.59,20.58,19.87,17.89,17.23,16.98,16.74,15.53,14.89
,160,2.01,2.28,2.11,2.09,2.7,3.8,5.8,10.61,15.34,19.57,23.9,24.35,24.89,25.56,23.73,22.64,21.96,19.91,19.04,17.74,17.23,16.59,16.88,15.25,14.65
,161.33,2.01,2.24,2.07,2.06,2.52,3.43,5.28,8.74,13.18,17.6,22.71,23.88,24.34,25.66,23.52,22.45,21.43,19.72,18.79,17.75,17.46,16.55,17.13,15.86,14.8
,162.67,2,2.18,2.05,2.05,2.4,3.1,4.71,7.32,11.22,15.6,21.2,22.92,23.64,25.33,22.98,22.04,20.77,19.26,18.32,17.53,17.27,16.42,17.09,16.12,14.65
,164,2,2.2,2.05,2.04,2.23,2.86,4.22,6.13,9.82,13.98,19.36,21.68,22.64,24.55,22.33,21.68,20.38,19.07,17.96,17.52,17.42,16.84,17.08,16.17,14.39
,165.33,2,2.1,2.03,2.04,2.21,2.74,3.91,5.16,8.47,12.26,17.48,20.37,22.19,24,22.08,21.47,20.16,19.14,18.08,17.4,17.49,17.21,16.82,16.63,14.28
,166.67,2,2.1,2.01,2.03,2.14,2.62,3.71,4.41,7.23,10.69,15.6,19.04,21.19,23.37,21.88,21.37,20.2,19.03,18.1,17.23,17.59,17.54,16.79,16.9,14.39
,168,2,2.09,2.02,2,2.08,2.48,3.45,3.89,6.39,9.65,13.64,17.53,20.04,22.63,21.55,21.17,20.31,18.89,18.24,17.11,17.48,17.61,16.47,16.64,14.21
,169.33,2,2.1,2.01,2,2.06,2.36,3.28,3.53,5.81,7.94,12.1,16.11,18.69,21.79,21.36,20.64,20.29,18.81,18.58,17.24,17.33,17.33,16.18,16.52,13.97
,170.67,2,2.07,2.01,2,2.05,2.29,3.18,3.27,5.52,6.87,10.44,14.61,17.29,20.85,21.17,20.32,20.41,18.7,18.7,17.46,17.09,17.1,15.92,16.08,13.55
,172,2,2.08,2.01,2,2.06,2.24,3.09,3.05,5.3,6.17,9.02,12.63,15.59,19.43,20.82,19.88,20.56,18.7,18.8,17.51,16.95,16.61,15.51,15.4,13.3
,173.33,2,2.07,2.02,2,2.03,2.24,2.97,2.81,5.21,5.25,7.82,11.05,14.1,18.4,20.12,19.25,20.08,18.26,18.62,17.37,16.52,16.08,14.88,14.85,12.97
,174.67,2,2.05,2.02,2,2.03,2.22,2.99,2.69,4.96,4.76,6.6,9.58,12.73,17.14,19.34,18.69,19.62,17.93,18.6,17.19,16.39,15.84,14.5,14.34,12.73
,176,2,2.02,2.02,2,2.02,2.22,2.86,2.6,4.68,4.29,5.56,7.99,11.06,15.15,18.19,17.96,19.15,17.84,18.4,17.22,16.28,15.47,14.11,13.74,12.49
,177.33,2,2.04,2,2,2.01,2.17,2.83,2.5,4.5,3.97,4.92,7.09,10.11,13.9,17.18,17.52,18.41,17.23,18.06,16.83,15.92,15.33,13.84,13.54,12.66
,178.67,2,2.03,2.01,2,2,2.17,2.76,2.46,4.25,3.7,4.44,6.31,9.1,12.36,16.06,17.15,17.76,17,17.72,16.41,15.74,14.98,13.61,13.2,12.56
,180,2,2.03,2,2,2,2.12,2.6,2.4,3.94,3.49,4.11,5.6,7.98,10.74,14.21,16.05,16.7,16.19,17.13,16.16,15.32,14.36,13.27,12.51,12.07
,181.33,2,2.03,2,2,2,2.1,2.5,2.5,3.6,3.3,3.94,5.28,7.4,9.96,13.19,15.58,16.06,15.43,16.3,15.55,14.65,14.22,13.25,12.33,12.15
,182.67,2,2.02,2,2,2,2.07,2.42,2.53,3.38,3.16,3.83,4.99,6.78,9.14,12.11,14.88,15.42,14.89,15.8,15.08,14.4,13.85,13.2,11.92,11.69
,184,2,2.01,2,2,2,2.06,2.28,2.58,3.11,2.93,3.74,4.74,6.19,8.37,10.78,14,14.76,14.26,15.07,14.71,13.95,13.09,12.62,11.26,10.99
,185.33,2,2.02,2,2,2,2.04,2.24,2.69,3.05,2.81,3.81,4.66,5.95,8.15,10.4,13.51,14.31,13.85,14.46,14.33,13.53,12.67,12.56,11.2,10.6
,186.67,2,2.02,2,2,2,2.05,2.19,2.69,2.9,2.72,3.73,4.4,5.56,7.79,9.78,12.65,13.71,13.42,13.85,14.04,13.03,12.1,12.27,10.95,10.31
,188,2,2.01,2,2,2,2.08,2.15,2.67,2.85,2.67,3.68,4.14,5.16,7.25,8.87,11.52,12.52,12.63,12.81,13.15,12.14,11.15,11.43,10.33,9.72
,189.33,2,2.03,2,2,2,2.06,2.14,2.7,2.8,2.66,3.63,3.99,4.89,6.97,8.52,11.06,11.93,12.26,12.08,12.35,11.84,10.75,11.16,10.2,9.57
,190.67,2,2,2.01,2,2,2.04,2.11,2.66,2.82,2.67,3.6,3.77,4.66,6.32,7.77,10.27,11.16,11.6,11.21,11.42,11.26,10.1,10.61,9.67,9.19
,192,2,2.01,2,2,2,2.04,2.1,2.45,2.79,2.64,3.52,3.51,4.28,5.57,6.83,9.02,10.07,10.69,10.28,10.61,10.39,9.18,9.66,8.99,8.9
,193.33,2,2.02,2,2,2,2.04,2.08,2.36,2.76,2.66,3.44,3.39,4.07,4.93,6.22,8.33,9.47,10.44,9.77,10.08,9.75,8.72,9.23,8.59,8.46
,194.67,2,2.02,2.01,2,2,2.05,2.07,2.23,2.73,2.58,3.36,3.2,3.8,4.38,5.69,7.48,8.86,9.88,9.59,9.6,9.23,8.26,8.63,8.16,7.97
,196,2,2.02,2,2,2,2.04,2.05,2.15,2.67,2.56,3.29,2.92,3.5,4,5.15,6.6,8.02,9.08,9.08,9.25,8.72,7.95,8.18,7.81,7.61
,197.33,2,2.02,2.01,2,2,2.02,2.03,2.11,2.65,2.57,3.29,2.73,3.34,3.91,4.94,6.18,7.58,8.7,8.89,8.78,8.16,7.72,7.82,7.45,7.26
,198.67,2,2.02,2,2,2,2.03,2.01,2.07,2.61,2.6,3.32,2.65,3.24,3.92,4.7,5.87,7,8.13,8.7,8.42,7.97,7.51,7.57,7.18,7.1
,200,2,2.03,2,2,2,2.02,2,2.05,2.55,2.56,3.35,2.52,3.06,3.76,4.34,5.48,6.33,7.46,8.06,7.94,7.76,7.32,7.52,7.11,7.08
,201.33,2,2.02,2,2,2,2.01,2.01,2.03,2.49,2.56,3.43,2.51,2.97,3.71,4.21,5.39,6,7.05,7.77,7.59,7.43,7.23,7.44,6.98,7.01
,202.67,2,2.01,2,2,2,2.02,2,2.02,2.45,2.55,3.44,2.48,2.87,3.64,4.02,5.19,5.59,6.66,7.5,7.23,7.24,7.1,7.29,6.88,6.97
,204,2,2.01,2,2,2,2.01,2.01,2.01,2.38,2.5,3.26,2.42,2.76,3.55,3.79,4.83,5.17,6.2,6.77,6.86,6.75,6.89,7.14,6.77,6.85
,205.33,2,2,2,2.01,2,2,2,2.01,2.4,2.5,3.2,2.38,2.73,3.52,3.68,4.63,5.07,6.07,6.46,6.75,6.45,6.8,6.96,6.64,6.74
,206.67,2,2.02,2,2,2,2.01,2,2.02,2.4,2.43,3.09,2.37,2.71,3.42,3.48,4.44,4.86,5.84,6.13,6.64,6.24,6.6,6.75,6.43,6.67
,208,2,2.01,2,2,2,2,2,2.02,2.33,2.35,2.96,2.33,2.56,3.31,3.33,4.09,4.58,5.5,5.69,6.32,5.94,6.42,6.39,6.18,6.52
,209.33,2,2.02,2,2,2,2.01,2,2.02,2.31,2.28,2.8,2.33,2.52,3.34,3.18,3.87,4.43,5.24,5.56,6.19,5.74,6.32,6.31,6.02,6.57
,210.67,2,2.01,2,2,2,2.01,2,2.03,2.24,2.22,2.67,2.3,2.48,3.26,3.07,3.59,4.36,4.96,5.4,5.87,5.61,6.21,6.27,5.98,6.59
,212,2,2.01,2,2,2,2.01,2,2.03,2.19,2.15,2.56,2.32,2.45,3.1,2.9,3.27,4.17,4.56,5.16,5.45,5.42,6.13,6.22,5.95,6.36
,213.33,2,2.01,2,2,2,2.01,2,2.04,2.18,2.12,2.52,2.37,2.42,3.01,2.81,3.1,4.13,4.4,5.05,5.27,5.6,6.23,6.26,6.01,6.3
,214.67,2,2.01,2,2,2,2,2,2.04,2.16,2.09,2.51,2.34,2.41,2.95,2.75,2.94,4.04,4.19,4.94,4.9,5.73,6.18,6.12,5.94,6.16
,216,2,2,2.01,2,2,2.01,2.01,2.04,2.13,2.06,2.45,2.29,2.41,2.83,2.59,2.82,3.86,3.96,4.69,4.41,5.7,6.07,5.93,5.86,5.94
,217.33,2,2.01,2,2,2,2.01,2.01,2.04,2.11,2.05,2.42,2.25,2.38,2.73,2.48,2.77,3.73,3.92,4.65,4.31,5.9,6.01,5.9,5.86,5.9
,218.67,2,2,2,2,2,2.01,2.01,2.03,2.1,2.04,2.38,2.18,2.37,2.59,2.45,2.73,3.65,3.91,4.56,4.07,5.86,5.91,5.7,5.81,5.66
,220,2,2.01,2,2,2,2,2.02,2.03,2.11,2.03,2.32,2.12,2.34,2.52,2.34,2.69,3.5,3.74,4.36,3.73,5.5,5.67,5.4,5.71,5.36
,221.33,2,2.01,2,2,2,2.01,2.01,2.02,2.12,2.02,2.28,2.12,2.34,2.53,2.35,2.7,3.48,3.76,4.37,3.6,5.44,5.58,5.36,5.78,5.28
,222.67,2,2.01,2,2,2,2,2.01,2,2.11,2.02,2.28,2.1,2.35,2.52,2.41,2.77,3.39,3.72,4.16,3.41,5.19,5.38,5.17,5.65,5.14
,224,2,2.01,2,2,2,2,2.01,2,2.06,2.01,2.26,2.08,2.28,2.44,2.42,2.73,3.38,3.59,3.91,3.32,4.76,5.19,4.96,5.46,5.09
,225.33,2,2.01,2,2,2,2.01,2,2,2.05,2,2.24,2.09,2.27,2.43,2.47,2.81,3.38,3.59,3.71,3.28,4.42,5.04,4.82,5.35,5.05
,226.67,2,2,2,2,2,2,2,2,2.04,2,2.22,2.07,2.23,2.41,2.47,2.82,3.34,3.52,3.48,3.21,4.2,4.86,4.75,5.19,4.98
,228,2,2,2,2,2,2,2,2,2.04,2,2.2,2.06,2.18,2.39,2.47,2.74,3.25,3.31,3.33,3.14,3.89,4.66,4.6,4.86,4.67
,229.33,2,2,2,2,2,2,2,2,2.01,2,2.2,2.04,2.18,2.38,2.47,2.72,3.18,3.22,3.23,3.13,3.83,4.52,4.61,4.79,4.67
,230.67,2,2.01,2,2,2,2,2,2,2.03,2,2.19,2.04,2.15,2.37,2.45,2.64,3.09,3.12,3.16,3.11,3.87,4.37,4.53,4.68,4.63
,232,2,2.01,2,2,2,2,2,2,2.03,2,2.17,2.02,2.15,2.33,2.39,2.56,2.93,2.96,3.13,3.02,3.73,4.25,4.4,4.47,4.54
,233.33,2,2.01,2,2,2,2,2,2,2.04,2,2.15,2.01,2.13,2.3,2.33,2.52,2.8,2.91,3.14,3,3.77,4.25,4.39,4.36,4.54
,234.67,2,2.01,2,2,2,2,2,2,2.03,2,2.12,2.01,2.11,2.26,2.29,2.46,2.69,2.84,3.16,2.98,3.76,4.14,4.32,4.15,4.48
,236,2,2.02,2,2,2,2,2,2,2.02,2,2.1,2.01,2.09,2.19,2.25,2.38,2.54,2.66,3.1,2.9,3.56,3.99,4.14,3.95,4.39
,237.33,2,2.01,2,2,2,2,2,2,2.02,2,2.08,2.01,2.1,2.14,2.23,2.36,2.44,2.63,3.13,2.84,3.45,3.94,4.06,3.87,4.34
,238.67,2,2,2,2,2,2,2,2,2.01,2.02,2.07,2,2.09,2.13,2.22,2.34,2.37,2.55,3.1,2.79,3.29,3.98,4.02,3.84,4.28
,240,2,2,2,2,2,2,2,2,2.02,2.01,2.04,2.01,2.09,2.14,2.18,2.28,2.28,2.45,2.98,2.67,3.08,3.79,3.83,3.72,4.15
,241.33,2,2,2,2,2,2,2,2,2.03,2.01,2.06,2.02,2.08,2.14,2.17,2.25,2.21,2.38,2.97,2.63,3,3.69,3.74,3.71,4.11
,242.67,2,2.01,2,2,2,2,2,2,2.02,2,2.07,2.01,2.06,2.11,2.18,2.22,2.19,2.32,2.83,2.53,2.91,3.62,3.61,3.64,3.98
,244,2,2,2,2,2,2,2,2,2.04,2,2.12,2.01,2.04,2.08,2.14,2.17,2.14,2.24,2.72,2.46,2.78,3.49,3.49,3.52,3.88
,245.33,2,2.01,2,2,2,2,2,2,2.02,2,2.11,2.02,2.04,2.07,2.14,2.14,2.14,2.21,2.65,2.4,2.79,3.44,3.38,3.36,3.84
,246.67,2,2.01,2,2,2,2,2,2,2.01,2,2.09,2.02,2.03,2.05,2.11,2.15,2.18,2.2,2.65,2.33,2.83,3.25,3.29,3.32,3.74
,248,2,2.01,2,2,2,2,2,2,2.03,2,2.08,2.01,2.02,2.04,2.11,2.11,2.16,2.19,2.56,2.29,2.79,3.08,3.17,3.31,3.64
,249.33,2,2.01,2,2,2,2,2,2,2.03,2,2.07,2,2.02,2.05,2.08,2.09,2.15,2.19,2.49,2.27,2.72,2.99,3.05,3.17,3.58
,250.67,2,2,2,2,2,2,2,2,2.04,2,2.05,2,2.01,2.04,2.07,2.11,2.12,2.17,2.48,2.25,2.7,2.95,3.07,3.02,3.49
,252,2,2,2.01,2,2,2,2,2,2.08,2,2.07,2,2,2.02,2.05,2.08,2.12,2.16,2.44,2.21,2.62,2.81,2.98,3.04,3.43
,253.33,2,2.01,2,2,2,2,2,2,2.04,2,2.07,2,2,2.02,2.05,2.09,2.13,2.13,2.42,2.18,2.56,2.82,2.92,2.98,3.42
,254.67,2,2,2,2,2,2,2,2,2.04,2,2.07,2,2,2.03,2.05,2.08,2.11,2.11,2.4,2.14,2.48,2.82,2.89,2.99,3.44
,256,2,2,2,2,2,2,2,2,2.05,2,2.05,2,2,2.03,2.03,2.08,2.08,2.08,2.33,2.09,2.4,2.71,2.84,2.93,3.42
,257.33,2,2,2,2,2,2,2,2,2.04,2,2.05,2,2,2.02,2.01,2.07,2.08,2.05,2.27,2.05,2.34,2.64,2.77,3.05,3.44
,258.67,2,2,2,2,2,2,2,2,2.03,2,2.03,2,2,2.04,2,2.07,2.06,2.05,2.23,2.04,2.3,2.62,2.8,3.05,3.47
,260,2,2,2,2,2,2.01,2,2,2.05,2,2.04,2.01,2,2.03,2,2.08,2.05,2.03,2.2,2.02,2.27,2.52,2.68,2.87,3.42
,261.33,2,2,2,2,2,2,2,2,2.02,2,2.03,2.01,2,2.04,2,2.07,2.05,2.03,2.14,2.01,2.24,2.58,2.64,2.9,3.39
,262.67,2,2,2,2,2,2,2,2,2.03,2,2.03,2.01,2,2.04,2,2.07,2.04,2.01,2.12,2,2.21,2.54,2.67,2.85,3.37
,264,2,2.01,2,2,2,2,2,2,2.02,2,2.01,2,2,2.03,2,2.06,2.03,2.01,2.12,2,2.19,2.47,2.59,2.82,3.3
,265.33,2,2,2,2,2,2.01,2,2,2.01,2,2.01,2,2,2.03,2,2.06,2.02,2.01,2.12,2,2.16,2.43,2.52,2.79,3.29
,266.67,2,2,2,2,2,2,2,2,2.01,2,2.04,2,2,2.03,2,2.05,2.01,2.01,2.11,2,2.14,2.35,2.47,2.71,3.23
,268,2,2,2,2,2,2,2,2,2.03,2.03,2.02,2,2,2.03,2,2.03,2,2,2.1,2,2.1,2.28,2.35,2.59,3.2
,269.33,2,2,2,2,2,2,2,2,2.01,2.01,2.05,2,2,2.04,2,2.03,2.01,2.01,2.09,2,2.08,2.23,2.28,2.58,3.21
,270.67,2,2,2,2,2,2,2,2,2,2.01,2.02,2,2.02,2.04,2,2.02,2,2,2.07,2,2.08,2.21,2.22,2.52,3.22
,272,2,2,2,2,2,2,2,2,2.01,2.01,2.02,2,2.03,2.03,2,2.02,2.01,2,2.06,2.01,2.07,2.16,2.16,2.44,3.2
,273.33,2,2,2,2,2,2,2,2,2.02,2,2.03,2,2.03,2.03,2,2.01,2.04,2.01,2.07,2.02,2.02,2.16,2.16,2.43,3.18
,274.67,2,2,2,2,2,2.01,2,2,2.02,2,2.03,2,2.02,2.03,2.01,2.02,2.08,2.02,2.1,2.02,2.01,2.15,2.11,2.41,3.16
,276,2,2,2,2,2,2.01,2,2,2.01,2,2.03,2,2.02,2.05,2.02,2.02,2.11,2.04,2.08,2.03,2.01,2.1,2.1,2.3,3.12
,277.33,2,2.01,2,2,2,2,2,2,2.02,2,2.02,2,2.01,2.07,2.02,2.03,2.11,2.06,2.11,2.03,2.01,2.08,2.07,2.28,3.1
,278.67,2,2.01,2,2,2,2,2,2,2.01,2,2.03,2,2.01,2.07,2.03,2.03,2.12,2.08,2.15,2.06,2.02,2.06,2.06,2.24,3.09
,280,2,2.01,2,2,2,2,2,2,2.02,2,2.04,2,2,2.08,2.03,2.02,2.11,2.1,2.17,2.07,2.03,2.03,2.05,2.23,3.08
,281.33,2,2.01,2,2,2,2,2,2,2.01,2,2.05,2,2,2.07,2.03,2.03,2.1,2.1,2.2,2.1,2.06,2.03,2.04,2.16,3.07
,282.67,2,2,2,2,2,2,2,2,2.01,2,2.04,2,2,2.05,2.04,2.02,2.11,2.1,2.21,2.09,2.06,2.05,2.04,2.2,3.07
,284,2,2,2,2,2,2,2,2,2,2,2.04,2,2,2.04,2.04,2.01,2.09,2.08,2.18,2.08,2.08,2.08,2.08,2.16,3.08
,285.33,2,2,2,2,2,2,2,2,2.02,2,2.05,2,2,2.04,2.03,2.01,2.06,2.06,2.18,2.09,2.09,2.1,2.1,2.19,3.1
,286.67,2,2,2,2,2,2,2,2,2.02,2,2.05,2,2,2.03,2.03,2,2.03,2.05,2.2,2.07,2.08,2.1,2.11,2.18,3.13
,288,2,2,2,2,2,2,2,2,2.02,2,2.05,2,2,2.03,2.02,2,2.03,2.04,2.16,2.07,2.09,2.13,2.13,2.22,3.15
,289.33,2,2,2,2,2,2.01,2,2,2.01,2,2.04,2,2,2.02,2.02,2.01,2.05,2.04,2.12,2.07,2.09,2.13,2.1,2.24,3.14
,290.67,2,2,2,2,2,2,2,2,2.02,2,2.05,2,2,2.01,2.03,2.02,2.04,2.05,2.12,2.04,2.08,2.14,2.12,2.26,3.17
,292,2,2.01,2,2,2,2,2,2,2.02,2,2.04,2,2,2,2.02,2.02,2.06,2.06,2.1,2.03,2.08,2.14,2.11,2.2,3.15
,293.33,2,2.01,2,2,2,2,2,2,2.01,2,2.05,2,2,2,2.02,2.03,2.06,2.07,2.1,2.02,2.06,2.14,2.1,2.18,3.14
,294.67,2,2,2,2,2,2,2,2,2.01,2,2.04,2,2,2,2.01,2.03,2.04,2.08,2.07,2.01,2.04,2.13,2.09,2.16,3.12
,296,2,2,2,2,2,2,2,2,2,2,2.05,2,2,2,2,2.03,2.05,2.07,2.04,2.01,2.03,2.08,2.08,2.12,3.09
,297.33,2,2,2,2,2,2,2,2,2,2,2.06,2,2,2,2,2.03,2.05,2.06,2.04,2,2.03,2.06,2.1,2.14,3.08
,298.67,2,2,2,2,2,2,2,2,2,2,2.04,2,2,2.01,2,2.03,2.03,2.05,2.04,2,2.03,2.06,2.07,2.13,3.08
,300,2,2,2,2,2,2,2,2,2,2,2.05,2,2,2,2,2.02,2.03,2.04,2.06,2,2.03,2.06,2.07,2.13,3.04
,301.33,2,2,2,2,2,2,2,2,2,2,2.02,2,2,2.01,2,2.02,2.03,2.04,2.06,2,2.02,2.05,2.09,2.13,3.04
,302.67,2,2,2,2,2,2,2,2,2,2,2.02,2,2,2.01,2,2.01,2.03,2.03,2.06,2,2.01,2.06,2.07,2.09,3.04
,304,2,2,2,2,2,2,2,2,2.01,2,2.03,2,2,2,2,2.01,2.01,2.02,2.03,2,2.02,2.04,2.08,2.08,3.03
,305.33,2,2.01,2,2,2,2,2,2,2,2,2.02,2,2,2,2,2,2.01,2.01,2.04,2,2.02,2.04,2.06,2.06,3.03
,306.67,2,2.01,2,2,2,2,2,2,2.01,2,2.01,2,2,2,2,2,2,2,2.03,2,2.02,2.03,2.06,2.05,3.02
,308,2,2,2,2,2,2,2,2,2,2,2.02,2,2,2.01,2,2,2,2,2.04,2,2.02,2.04,2.04,2.05,3.01
,309.33,2,2.01,2,2,2,2,2,2,2.01,2,2.02,2,2,2,2,2,2,2,2.03,2,2.02,2.01,2.03,2.07,3.01
,310.67,2,2,2,2,2,2,2,2,2,2,2.02,2,2,2,2,2,2,2,2.03,2,2.02,2.01,2.03,2.05,3
,312,2,2,2,2,2,2,2,2,2.01,2,2.03,2,2,2,2,2,2,2,2.02,2,2.02,2.03,2.04,2.04,3
,313.33,2,2,2,2,2,2,2,2,2,2,2.02,2,2,2.01,2,2,2.01,2,2.01,2,2.02,2.01,2.04,2.03,3
,314.67,2,2,2,2,2,2,2,2,2,2,2.02,2,2,2.01,2,2,2.01,2,2.03,2,2.01,2,2.03,2.03,3
,316,2,2,2,2,2,2,2,2,2,2,2.01,2,2,2,2,2,2,2,2.01,2,2,2,2.02,2.03,3
,317.33,2,2,2,2,2,2,2,2,2.01,2,2.02,2,2,2,2,2,2,2,2.02,2,2.01,2,2.01,2.03,3
,318.67,2,2.01,2,2,2,2,2,2,2,2,2.02,2,2,2.01,2,2,2,2,2.01,2,2,2.01,2,2.03,3
,320,2,2,2,2,2,2,2,2,2,2,2.01,2,2,2,2,2,2,2,2,2,2,2.01,2.01,2.01,3
,321.33,2,2,2,2,2,2,2,2,2,2,2.01,2.01,2,2,2,2,2,2,2.01,2,2,2,2.01,2.01,3
,322.67,2,2,2,2,2,2,2,2,2.01,2,2.01,2.01,2,2,2,2,2,2,2.01,2,2,2.01,2.01,2.02,3
,324,2,2,2,2,2,2,2,2,2,2,2.01,2.01,2,2,2,2,2,2,2.01,2,2,2.01,2,2.02,3
,325.33,2,2,2,2,2,2,2,2,2,2,2.01,2.01,2,2,2,2,2,2,2.01,2,2,2,2,2.01,3
,326.67,2,2,2,2,2,2,2,2,2,2,2.01,2.01,2,2,2,2,2,2,2,2,2,2.01,2.01,2.01,3
,328,2,2,2,2,2,2,2,2,2,2,2.01,2.01,2,2,2,2,2,2,2.01,2,2,2,2,2.02,3
,329.33,2,2,2,2,2,2,2,2,2,2,2.01,2,2,2,2,2,2,2,2.02,2,2,2,2,2.02,3
,330.67,2,2,2,2,2,2,2,2,2.01,2,2.03,2,2,2,2,2,2,2,2,2,2,2,2,2.01,3
,332,2,2,2,2,2,2,2,2,2.01,2,2.01,2,2,2,2,2,2,2,2.02,2,2,2,2,2.01,3
,333.33,2,2.01,2,2,2,2,2,2,2,2,2.02,2,2,2,2,2,2,2,2.01,2,2,2,2,2.01,3
,334.67,2,2,2,2,2,2,2,2,2.01,2,2.02,2,2.01,2,2,2,2,2,2,2,2,2.01,2,2.01,3
,336,2,2,2,2,2,2,2,2,2,2,2.01,2,2.03,2,2,2,2,2,2.01,2,2,2,2,2.01,3
,337.33,2,2,2,2,2,2,2,2,2,2,2.02,2,2.02,2,2,2,2,2,2.01,2,2,2,2.01,2,3
,338.67,2,2,2,2,2,2,2,2,2,2,2.01,2,2.02,2,2,2,2,2,2.01,2,2,2.01,2,2.01,3
,340,2,2,2,2,2,2,2,2,2,2,2.01,2,2.03,2,2,2,2,2,2.02,2,2,2,2,2.01,3
,341.33,2,2,2,2,2,2,2,2,2,2,2.01,2,2.01,2,2,2,2,2,2.01,2,2,2,2,2.02,3
,342.67,2,2,2,2,2,2,2,2,2.01,2,2.01,2,2.01,2,2,2,2,2,2.01,2,2,2,2,2.02,3
,344,2,2,2,2,2,2,2,2,2,2,2.01,2,2.02,2,2,2,2,2,2.01,2,2,2,2,2.01,3
,345.33,2,2,2,2,2,2,2,2,2,2,2.01,2,2.01,2,2,2,2,2,2,2,2,2,2,2.01,3
,346.67,2,2,2,2,2,2,2,2,2.01,2,2.01,2,2,2.01,2,2,2,2,2,2,2,2,2,2.01,3
,348,2,2,2,2,2,2,2,2,2,2,2,2,2,2,2,2,2,2,2.01,2,2,2,2,2.01,3
,349.33,2,2,2,2,2,2,2,2,2,2,2,2,2,2,2,2,2,2,2.02,2,2,2,2,2.02,3
,350.67,2,2,2,2,2,2,2,2,2,2,2.02,2,2,2,2,2,2,2,2.01,2,2,2.01,2,2.01,3
,352,2,2,2,2,2,2,2,2,2,2,2.02,2,2,2,2,2,2,2,2.01,2,2,2.01,2.01,2.01,3
,353.33,2,2,2,2,2,2,2,2,2,2,2.02,2,2,2,2,2,2.01,2,2.01,2,2,2,2,2.02,3
,354.67,2,2,2,2,2,2,2,2,2.01,2,2.01,2,2,2,2,2,2,2,2.01,2,2,2,2.01,2.01,3
,356,2,2,2,2,2,2,2,2,2.01,2,2.01,2,2,2,2,2,2,2,2.01,2,2,2,2,2.01,3
,357.33,2,2,2,2,2,2,2,2,2.01,2,2.01,2,2,2,2,2,2,2,2,2,2,2,2,2.01,3
,358.67,2,2,2,2,2,2,2,2,2.01,2,2.01,2,2,2,2,2,2,2,2,2,2,2,2,2.01,3
,360,2,2.01,2,2,2,2,2,2,2.01,2,2.01,2,2,2,2,2,2,2,2,2,2,2.01,2,2,3
,361.33,2,2,2,2,2,2,2,2,2,2,2,2,2,2,2,2,2,2,2,2,2,2,2,2,3
,362.67,2,2,2,2,2,2,2,2,2,2,2.01,2,2,2,2,2,2,2,2,2,2,2,2,2,3
,364,2,2,2,2,2,2,2,2,2,2,2.01,2,2,2,2,2,2,2,2,2,2,2,2.01,2,3
,365.33,2,2,2,2,2,2,2,2,2,2,2.01,2,2,2.01,2,2,2,2,2,2,2,2,2,2.01,3
,366.67,2,2,2,2,2,2,2,2,2,2,2,2,2,2.01,2,2,2,2,2,2,2,2,2,2,3
,368,2,2,2,2,2,2,2,2,2,2,2.01,2,2,2,2,2,2,2,2.01,2,2,2,2,2.01,3
,369.33,2,2,2,2,2,2,2,2,2,2,2.01,2,2,2,2,2,2,2,2.02,2,2,2,2,2,3
,370.67,2,2,2,2,2,2,2,2,2.01,2,2.01,2,2,2,2,2,2,2,2.01,2,2,2,2,2.01,3
,372,2,2,2,2,2,2,2,2,2,2,2,2,2,2,2,2,2,2,2.01,2,2,2,2,2.01,3
,373.33,2,2,2,2,2,2,2,2,2,2,2.01,2,2,2,2,2,2,2,2.01,2,2,2.01,2,2,3
,374.67,2,2,2,2,2,2,2,2,2.01,2,2.01,2,2,2,2,2,2,2,2,2,2,2,2,2.01,3
,376,2,2,2,2,2,2,2,2,2,2,2.01,2,2,2,2,2,2,2,2.01,2,2,2,2,2.01,3
,377.33,2,2,2,2,2,2,2,2,2,2,2,2,2,2,2,2,2,2,2.02,2,2,2,2,2.01,3
,378.67,2,2,2,2,2,2,2,2,2,2,2.01,2,2,2,2,2,2,2,2.01,2,2,2,2,2.01,3
,380,2,2,2,2,2,2,2,2,2.01,2,2.01,2,2,2.01,2,2,2,2,2.01,2,2,2,2,2.01,3
,381.33,2,2,2,2,2,2,2,2,2,2,2,2,2,2,2,2,2,2,2.01,2,2,2,2.01,2.01,3
,382.67,2,2,2,2,2,2,2,2,2,2,2.01,2,2,2,2,2,2,2,2,2,2,2,2,2,3
,384,2,2,2,2,2,2,2,2,2,2,2,2,2,2,2,2,2,2,2.01,2,2,2,2,2,3
,385.33,2,2,2,2,2,2,2,2,2,2,2,2,2,2,2,2,2,2,2.02,2,2,2.01,2.01,2.01,3
,386.67,2,2,2,2,2,2,2,2,2,2,2,2,2,2,2,2,2,2,2.01,2,2,2.01,2,2.01,3
,388,2,2.01,2,2,2,2,2,2,2,2,2,2,2,2,2,2,2,2,2.01,2,2,2.01,2,2.01,3
,389.33,2,2.01,2,2,2,2,2,2,2.01,2,2.01,2,2,2,2,2,2,2,2.01,2,2,2,2,2,3
,390.67,2,2,2,2,2,2,2,2,2,2,2.01,2,2,2,2,2,2,2,2.01,2,2,2,2,2,3
,392,2,2,2,2,2,2,2,2,2,2,2.01,2,2,2,2,2,2,2,2.01,2,2,2,2,2.01,3
,393.33,2,2,2,2,2,2,2,2,2,2,2.01,2,2,2,2,2,2,2,2.01,2,2,2.01,2,2.01,3
,394.67,2,2,2,2,2,2,2,2,2,2,2,2,2,2,2,2,2,2,2.01,2,2,2,2,2,3
,396,2,2,2,2,2,2,2,2,2,2,2.01,2,2,2,2,2,2,2,2.01,2,2,2,2,2.01,3
,397.33,2,2,2,2,2,2,2,2,2,2,2,2,2,2,2,2,2,2,2,2,2,2,2,2.01,3
,398.67,2,2,2,2,2,2,2,2,2,2,2,2,2,2,2,2,2,2,2.01,2,2,2,2,2.01,3
,400,2,2,2,2,2,2,2,2,2.01,2,2.01,2,2,2,2,2,2,2,2,2,2,2,2,2.01,3
,401.33,2,2,2,2,2,2,2,2,2,2,2.01,2,2,2,2,2,2,2,2,2,2,2,2,2,3
,402.67,2,2.01,2,2,2,2,2,2,2,2,2.01,2,2,2,2,2,2,2,2,2,2,2,2,2,3
,404,2,2,2,2,2,2,2,2,2,2,2.01,2,2,2,2,2,2,2,2,2,2,2,2,2.01,3
,405.33,2,2,2,2,2,2,2,2,2,2,2.01,2,2,2,2,2,2,2,2.01,2,2,2,2,2,3
,406.67,2,2,2,2,2,2,2,2,2,2,2,2,2,2,2,2,2,2,2,2,2,2,2,2.01,3
,408,2,2,2,2,2,2,2,2,2,2,2,2,2,2,2,2,2,2,2.01,2,2,2,2.01,2.01,3
,409.33,2,2,2,2,2,2,2,2,2,2,2.01,2,2,2,2,2,2,2,2,2,2,2,2,2.02,3
,410.67,2,2,2,2,2,2,2,2,2,2,2.01,2,2,2,2,2,2,2,2.01,2,2,2,2,2,3
,412,2,2,2,2,2,2,2,2,2,2,2.01,2,2,2,2,2,2,2,2.01,2,2,2,2,2.01,3
,413.33,2,2,2,2,2,2,2,2,2,2,2.01,2,2,2,2,2,2,2,2,2,2,2,2,2,3
,414.67,2,2,2,2,2,2,2,2,2,2,2.01,2,2,2,2,2,2,2,2,2,2,2,2,2.01,3
,416,2,2,2,2,2,2,2,2,2,2,2.01,2,2,2,2,2,2,2,2,2,2,2,2,2,3
,417.33,2,2,2,2,2,2,2,2,2,2,2.01,2,2,2,2,2,2,2,2,2,2,2,2,2.01,3
,418.67,2,2,2,2,2,2,2,2,2,2,2,2,2,2,2,2,2,2,2.01,2,2,2,2,2.01,3
,420,2,2,2,2,2,2,2,2,2,2,2,2,2,2,2,2,2,2,2.01,2,2,2,2,2,3
,421.33,2,2,2,2,2,2,2,2,2.01,2,2.01,2,2,2,2,2,2,2,2,2,2,2,2,2.01,3
,422.67,2,2,2,2,2,2,2,2,2,2,2.02,2,2,2,2,2,2,2,2.01,2,2,2,2.01,2.01,3
,424,2,2,2,2,2,2,2,2,2,2,2.01,2,2,2,2,2,2,2,2,2,2,2,2,2.02,3
,425.33,2,2,2,2,2,2,2,2,2,2,2.01,2,2,2,2,2,2,2,2.01,2,2,2,2,2.01,3
,426.67,2,2,2,2,2,2,2,2,2,2,2,2,2,2,2,2,2,2,2.01,2,2,2,2,2,3
,428,2,2,2,2,2,2,2,2,2,2,2,2,2,2,2,2,2,2,2,2,2,2,2,2,3
,429.33,2,2,2,2,2,2,2,2,2,2,2.01,2,2,2,2,2,2,2,2.01,2,2,2,2,2,3
,430.67,2,2,2,2,2,2,2,2,2,2,2.01,2,2,2,2,2,2,2,2.01,2,2,2,2,2.01,3
,432,2,2,2,2,2,2,2,2,2,2,2.01,2,2,2,2,2,2,2,2,2,2,2,2,2,3
,433.33,2,2,2,2,2,2,2,2,2,2,2.01,2,2,2,2,2,2,2,2,2,2,2,2,2.01,3
,434.67,2,2,2,2,2,2,2,2,2,2,2.01,2,2,2,2,2,2,2,2,2,2,2,2,2.01,3
,436,2,2.01,2,2,2,2,2,2,2,2,2.01,2,2,2,2,2,2,2,2.01,2,2,2,2,2.01,3
,437.33,2,2,2,2,2,2,2,2,2,2,2,2,2,2,2,2,2,2,2,2,2,2,2,2,3
,438.67,2,2,2,2,2,2,2,2,2,2,2.01,2,2,2,2,2,2,2,2,2,2,2,2,2,3
,440,2,2,2,2,2,2,2,2,2,2,2.01,2,2,2,2,2,2,2,2,2,2,2,2,2,3
,441.33,2,2,2,2,2,2,2,2,2,2,2,2,2,2,2,2,2,2,2.01,2,2,2,2,2,3
,442.67,2,2,2,2,2,2,2,2,2,2,2,2,2,2,2,2,2,2,2,2,2,2,2,2.01,3
,444,2,2,2,2,2,2,2,2,2,2,2,2,2,2,2,2,2,2,2,2,2,2,2,2.01,3
,445.33,2,2,2,2,2,2,2,2,2,2,2,2,2,2,2,2,2,2,2,2,2,2,2,2,3
,446.67,2,2,2,2,2,2,2,2,2,2,2,2,2,2,2,2,2,2,2.01,2,2,2,2,2.01,3
,448,2,2,2,2,2,2,2,2,2,2,2,2,2,2,2,2,2,2,2.01,2,2,2,2,2,3
,449.33,2,2,2,2,2,2,2,2,2,2,2,2,2,2,2,2,2,2,2,2,2,2,2,2,3
,450.67,2,2,2,2,2,2,2,2,2,2,2.01,2,2,2,2,2,2,2,2,2,2,2,2,2,3
,452,2,2,2,2,2,2,2,2,2,2,2.01,2,2,2,2,2,2,2,2,2,2,2,2,2.01,3
,453.33,2,2,2,2,2,2,2,2,2,2,2.01,2,2,2,2,2,2,2,2.01,2,2,2,2,2,3
,454.67,2,2,2,2,2,2,2,2,2,2,2,2,2,2,2,2,2,2,2,2,2,2,2,2.01,3
,456,2,2,2,2,2,2,2,2,2,2,2,2,2,2,2,2,2,2,2.01,2,2,2,2,2,3
,457.33,2,2,2,2,2,2,2,2,2,2,2,2,2,2,2,2,2,2,2,2,2,2,2,2,3
,458.67,2,2,2,2,2,2,2,2,2,2,2.01,2,2,2,2,2,2,2,2,2,2,2,2,2.01,3
,460,2,2,2,2,2,2,2,2,2,2,2.01,2,2,2,2,2,2,2,2,2,2,2,2,2.01,3
,461.33,2,2,2,2,2,2,2,2,2,2,2.01,2,2,2,2,2,2,2,2.01,2,2,2,2,2,3
,462.67,2,2,2,2,2,2,2,2,2,2,2.01,2,2,2,2,2,2,2,2.01,2,2,2,2,2,3
,464,2,2,2,2,2,2,2,2,2,2,2,2,2,2,2,2,2,2,2,2,2,2,2,2,3
,465.33,2,2,2,2,2,2,2,2,2,2,2,2,2,2,2,2,2,2,2,2,2,2,2,2,3
,466.67,2,2,2,2,2,2,2,2,2,2,2.01,2,2,2,2,2,2,2,2,2,2,2,2,2,3
,468,2,2,2,2,2,2,2,2,2,2,2.01,2,2,2,2,2,2,2,2.01,2,2,2,2,2,3
,469.33,2,2,2,2,2,2,2,2,2,2,2.01,2,2,2,2,2,2,2,2.01,2,2,2,2,2.01,3
,470.67,2,2,2,2,2,2,2,2,2,2,2.02,2,2,2,2,2,2,2,2,2,2,2,2,2.01,3
,472,2,2,2,2,2,2,2,2,2,2,2,2,2,2,2,2,2,2,2.01,2,2,2,2,2,3
,473.33,2,2,2,2,2,2,2,2,2,2,2,2,2,2,2,2,2,2,2,2,2,2,2,2.01,3
,474.67,2,2,2,2,2,2,2,2,2,2,2.01,2,2,2,2,2,2,2,2,2,2,2,2,2.01,3
,476,2,2,2,2,2,2,2,2,2,2,2,2,2,2,2,2,2,2,2,2,2,2,2,2.01,3
,477.33,2,2,2,2,2,2,2,2,2,2,2,2,2,2,2,2,2,2,2,2,2,2,2,2.01,3
,478.67,2,2,2,2,2,2,2,2,2,2,2,2,2,2,2,2,2,2,2,2,2,2,2,2,3
,480,2,2,2,2,2,2,2,2,2,2,2,2,2,2,2,2,2,2,2,2,2,2,2,2,3
,481.33,2,2,2,2,2,2,2,2,2,2,2,2,2,2,2,2,2,2,2,2,2,2,2,2,3
,482.67,2,2,2,2,2,2,2,2,2,2,2,2,2,2,2,2,2,2,2,2,2,2,2,2,3
,484,2,2,2,2,2,2,2,2,2,2,2,2,2,2,2,2,2,2,2,2,2,2,2,2,3
,485.33,2,2,2,2,2,2,2,2,2,2,2,2,2,2,2,2,2,2,2,2,2,2,2,2.01,3
,486.67,2,2,2,2,2,2,2,2,2,2,2,2,2,2,2,2,2,2,2,2,2,2,2,2.01,3
,488,2,2,2,2,2,2,2,2,2,2,2,2,2,2,2,2,2,2,2,2,2,2,2,2.01,3
,489.33,2,2,2,2,2,2,2,2,2,2,2,2,2,2,2,2,2,2,2,2,2,2,2,2,3
,490.67,2,2,2,2,2,2,2,2,2,2,2,2,2,2,2,2,2,2,2,2,2,2,2,2.01,3
,492,2,2,2,2,2,2,2,2,2,2,2.01,2,2,2,2,2,2,2,2,2,2,2,2,2.01,3
,493.33,2,2,2,2,2,2,2,2,2,2,2,2,2,2,2,2,2,2,2,2,2,2,2,2,3
,494.67,2,2,2,2,2,2,2,2,2,2,2,2,2,2,2,2,2,2,2,2,2,2,2,2,3
,496,2,2,2,2,2,2,2,2,2,2,2.01,2,2,2,2,2,2,2,2,2,2,2,2,2.01,3
,497.33,2,2,2,2,2,2,2,2,2,2,2.01,2,2,2,2,2,2,2,2.01,2,2,2,2,2,3
,498.67,2,2,2,2,2,2,2,2,2,2,2,2,2,2,2,2,2,2,2,2,2,2,2,2.01,3
,500,2,2,2,2,2,2,2,2,2,2,2.01,2,2,2,2,2,2,2,2.01,2,2,2,2,2.01,3
